293,Crystal,748 Lyons Port Apt. 021
325,Donald,932 Annette Drive Apt. 608
271,Jeffrey,0898 Craig Squares
56,Kelsey,99601 Alfred Row Apt. 923
297,Barbara,5851 Sharon Hill Apt. 816
214,Karen,6529 Dean Drive
84,Brian,2467 Danielle Landing Suite 447
400,Brandi,680 Freeman Islands Apt. 360
546,John,911 Curtis Lake
51,Kevin,0503 Eric Via
269,Maurice,64773 Kevin Island Suite 751
287,Donna,8431 Ana Fort Apt. 535
940,Veronica,963 Stafford Knoll Suite 021
779,Julie,278 Watson Ports Apt. 701
575,Scott,5357 Deborah Overpass
894,Aaron,48780 Douglas Villages Apt. 577
122,Bethany,4914 Webb Course
688,Steven,102 Paul Port
836,Karen,67218 Claudia Locks Suite 156
935,Loretta,110 Dana Squares Apt. 091
330,Jay,4264 Bishop Run Apt. 395
341,Mary,69244 Debra Shoal
390,Taylor,77946 William View Suite 453
860,Megan,4628 Cameron Stream Suite 966
571,Stephanie,4477 Amber Port Apt. 910
902,Christine,12601 Mathis Ports Apt. 836
849,Brenda,11196 Crystal Forest Apt. 664
374,Erin,432 Rachel Pike
995,Spencer,408 Alexa Brooks
786,Amy,8418 Baker Crescent Suite 619
394,Kyle,4598 Walker Groves Suite 311
312,Anthony,4889 Silva Estates Apt. 949
45,Mark,862 Dixon Avenue
234,Cynthia,4579 Herman Shores Apt. 926
213,Marvin,65710 Mark Fork
637,Brenda,2133 James Highway
911,Robert,17046 May Ville
833,Travis,4802 Cindy Garden Suite 284
567,Katelyn,79248 Smith Wall
377,Anthony,21937 John Squares Apt. 767
333,Brandon,712 Kimberly Squares
223,Alexa,48846 Ochoa Lights
194,Michael,432 Hanson Ridge
974,Jesse,407 Debra Falls Suite 852
87,Alicia,58977 Martinez Trail
244,Mary,944 Melissa Mount Suite 820
75,Elizabeth,733 John Park Suite 957
738,Jennifer,1787 Carlos Squares Suite 742
47,William,02352 Bennett Center Suite 278
362,Sarah,978 Schroeder Springs
432,Bruce,7281 Knox Ford
148,Suzanne,328 Conner Fields Apt. 646
482,Patrick,41438 Rosales Lake Suite 268
315,Courtney,99391 Baker Falls Apt. 151
39,Philip,583 Patton Unions
616,Anthony,82362 Hall Neck Apt. 650
768,Denise,3567 Oneill Parkways Suite 988
407,Melissa,97187 Robert Well Apt. 989
371,Dylan,11537 Smith Ranch Suite 062
408,David,59314 Joel Pike Suite 311
513,Zachary,4821 David Lodge Suite 003
901,Amber,1981 Javier Terrace Apt. 772
509,Alan,8417 Moore Stream Apt. 925
813,Antonio,23227 Eric Ville
879,Carl,242 Brown Skyway
299,Hannah,87328 Jacob Plain Apt. 727
951,Kathryn,920 Lee Plaza
295,Alexis,79716 Monroe Oval Suite 402
125,Christina,8863 Amanda Valleys Apt. 337
191,Patricia,97684 Garner Plaza Suite 865
678,Joshua,34035 Holly Cliffs
622,Heather,7069 Poole Center Apt. 108
556,Veronica,191 Smith Keys
825,Ashley,369 Hart Islands
749,Elaine,78340 Ruiz Parkways Apt. 589
298,Gregory,07102 Gilbert Garden
60,Abigail,6025 Carolyn Expressway
246,Glenn,8098 Peters Crest Suite 341
990,Amy,442 Fitzgerald Rapids Suite 696
958,Kimberly,77060 Joshua Course
20,Wayne,0646 Kathryn Forges Apt. 112
754,Amanda,450 Susan Parkways
328,Shannon,10741 Rios Ridges
650,Amy,00081 Jimmy Mountains Suite 546
526,Rose,895 Christopher Rue
631,Carlos,3094 Brett Parkway Suite 148
673,Cindy,5397 Kyle Loaf Suite 456
755,Tracey,2170 Daniel Meadows Suite 940
54,Aimee,70783 Michelle Locks
156,Peter,400 Rebecca Rapids Apt. 827
986,Paige,9979 Miller Vista Suite 698
892,Rebecca,1015 Jackson Plains
608,Christopher,5980 Evans Way Apt. 590
987,Melody,27374 Shepard Ferry Suite 761
726,Nathan,856 Timothy Highway
351,Philip,68792 Victoria Mountain
261,Andrea,257 Patrick Ramp
944,Joel,34700 Russo Prairie Suite 591
469,Gabriel,83195 Elizabeth Point Suite 063
153,Selena,962 Justin Cape
814,Andrew,096 Hall Greens
634,Kristine,6555 Nguyen Oval
21,Christine,67923 Douglas Land Apt. 901
276,Aaron,0466 Walter Bridge
633,Ernest,163 Walsh Island Suite 920
930,Amanda,0166 Carroll Crossing
81,Nancy,39383 Baldwin Trail
233,George,75617 Shelton Lock
503,Steven,62355 Joseph Mission
518,Mark,252 Courtney Mission
723,Gilbert,902 Perry Cliff
820,Natalie,087 Reyes Garden Suite 950
993,Jennifer,708 Collins Ford
983,Jesse,3684 Duncan Motorway Apt. 241
263,Keith,18958 White Square
966,William,394 Wilson Freeway
304,Amy,55450 Torres Corner Apt. 079
777,Charles,157 Dennis Plaza Suite 130
355,Susan,2544 Johnston Overpass Apt. 134
431,Julie,7426 Stephens Port Apt. 435
912,Steven,21622 Emily Drives Suite 453
441,Zachary,0204 Glover Ville Apt. 094
300,Jennifer,049 Ebony Valley Apt. 559
841,Janet,905 Scott Wells
737,Shane,612 Dixon Junctions Apt. 092
681,Clifford,16080 Jessica Roads
939,Patrick,7960 Gonzales Lakes
645,Alexander,8547 Michael Estates Suite 168
531,Kristy,528 Ellison Drives Apt. 311
544,Michael,5110 Mitchell Greens
800,Benjamin,22562 James Dale
7,Mark,69889 Rodriguez Islands Apt. 088
419,Kim,8536 Sarah Extension Apt. 180
748,John,4045 Perez Summit
230,Christina,97528 Eddie Mews
692,Michael,8048 Stevenson Orchard Apt. 162
693,Sandra,3724 James Lodge Suite 767
781,Kenneth,4963 Robin Loaf Apt. 063
353,Lisa,383 Jackson Underpass Suite 578
997,John,2575 Martin Glen Suite 474
322,Joy,039 Meagan Fall Apt. 901
674,Timothy,4174 John Haven Apt. 736
366,Max,98244 Tracy Vista
64,Ronald,885 Sandoval Meadows
184,Debbie,6442 Mark Plain Apt. 779
573,Katelyn,86529 Jessica Isle Suite 756
211,Patrick,9469 Ramirez Turnpike Suite 711
311,Jeffrey,87468 Darrell Ridge
850,Penny,32974 Krystal Creek
842,Terri,59386 Rebecca Lake
278,Stephen,249 Johnston Squares
961,Christie,3104 Young Mills Apt. 678
457,Nathan,85877 Riley Orchard
774,Timothy,78049 Joseph Terrace Suite 536
599,Kathryn,92427 Camacho Wall Apt. 058
994,Laurie,414 Donovan Brooks
687,Calvin,53414 Warner Isle Apt. 938
207,Laura,540 Gonzalez Lake
143,Heidi,146 Guzman Motorway
98,Joshua,86143 Joanne Hollow Suite 323
756,Bradley,6562 Christina Parkways Suite 484
706,Richard,918 Karen Point Apt. 087
43,Jessica,384 Jeffrey Court Apt. 754
920,Jason,370 Johnson Freeway Suite 662
871,Christopher,414 Daniel Glens
406,Sarah,3014 Allen Circle
490,Jonathan,64292 Zimmerman Lake Apt. 946
369,Melinda,442 Troy Ford Suite 616
746,Matthew,3061 Ellis Drive
378,Gregory,8702 Virginia Tunnel Suite 914
409,Jerome,077 Turner Knoll
451,Rebecca,6102 Travis Flat Suite 585
978,Erica,8187 Roberson River Apt. 604
685,Robert,3809 Turner Parkways
3,Christopher,3619 Boyd Underpass Apt. 880
640,Charles,9690 Herrera Station
767,Dylan,4305 Olson Prairie
425,Christopher,3381 Kim Crossroad Apt. 172
677,Julie,3753 Joshua Prairie
350,Joshua,267 Rowe Valleys Suite 210
27,Stephen,086 Haney Road
302,Michael,814 Brittney Street Apt. 247
905,Albert,835 David Island Suite 645
413,Kayla,065 Tanner Corners Apt. 240
614,Tiffany,59033 Gonzalez Overpass Apt. 716
883,Steve,984 Richard Ramp Suite 485
200,Jeremiah,52988 Kennedy Orchard Apt. 754
456,Kimberly,05733 Cheryl Falls Apt. 635
420,Ian,23630 Larry Center
936,Courtney,51516 Hester Drive Apt. 333
656,Mia,38622 Amanda Unions Apt. 337
13,Joshua,24854 Kevin Estates Apt. 118
104,Kelly,30705 Rita Corners Suite 725
732,Rebecca,03845 Kelly Drives Suite 014
288,Craig,00813 Crystal Well Apt. 797
120,Jason,7663 Diaz Crossing
585,John,93923 Scott Pass Suite 932
412,Ricky,52812 Heather Keys Apt. 256
67,Jonathan,544 King Forges
984,Meghan,516 Chandler Union
301,Tiffany,675 Andrew Key Apt. 337
512,Randy,155 Alvarez Neck
144,Charlotte,08378 Henry Knoll
872,Michael,85844 Hernandez Place Suite 506
434,Angela,57396 Christina Forges Suite 483
349,Amber,14887 Diane Ridge Suite 822
468,Michelle,65869 James Expressway
375,Amber,4347 Moore Course
890,Danielle,037 White Creek
209,Nathaniel,349 Ingram Dam Suite 769
942,Patricia,32386 Vanessa Crossroad Apt. 850
580,Aaron,8166 Joshua Ferry Apt. 508
538,Jeffery,5814 Raymond Forest
815,James,222 Andrew Centers Apt. 481
529,Gregory,74679 Richards Villages
969,Annette,68428 Katie Trail Apt. 024
988,Toni,1313 Jason Branch Suite 624
906,Ronald,10456 Joseph Glens Suite 609
655,Zachary,13754 Stone Points
256,Tyler,68292 Carolyn Lock Apt. 163
346,John,404 Shelby Valleys Apt. 392
803,Barbara,620 Jennifer Coves Suite 716
165,Victoria,4064 Danielle Throughway Apt. 491
475,Jerry,49484 Palmer Pike Suite 170
604,Candace,748 Dixon Rapid Suite 296
36,Joshua,012 Williams Bypass Suite 376
964,Mitchell,68790 Padilla Village Suite 125
941,David,113 Villa Crossroad Suite 718
980,Kara,6803 Butler Pass Apt. 091
478,Vanessa,404 Swanson Centers Apt. 358
395,Derek,3821 Terri Views Apt. 918
824,Marie,7281 Price Land Apt. 968
437,Katherine,6661 Davis Plain Suite 540
31,Jacqueline,36033 Alyssa Spring
72,Hannah,0094 Ryan Grove
94,Christina,663 Anna Roads Apt. 126
461,Angela,541 Mccann Plains Apt. 783
696,Regina,2994 Hayes Shore Apt. 861
649,Maureen,8080 Smith Coves Suite 669
46,Kyle,3638 Laura Lodge
946,Katherine,885 Heather Crossing Apt. 060
933,Christopher,484 Dennis Drives
102,Brian,2104 Richard Camp
617,Barry,4389 Cortez Crossroad
591,Philip,10590 Chapman Causeway Apt. 465
601,Lisa,52532 Hughes Turnpike
858,Michelle,070 Ramsey Manors Apt. 332
389,Michael,29323 Rhodes Road Apt. 397
519,Allison,7793 Whitehead Shoals
628,Nicole,8995 Joseph Views
550,Laurie,1088 Ibarra Haven Apt. 913
270,Jesse,373 Rodriguez Inlet Apt. 054
950,Melissa,313 Wilson Forges
524,William,30261 Ellis Cape
65,Oscar,27104 Johnson Village
864,Emily,8334 Franklin Ranch Apt. 074
320,William,745 Megan Pines Apt. 204
780,Molly,540 Alexander Vista Suite 861
277,Kendra,0946 Jones Locks
70,Shelby,7574 Thomas Field
30,Bobby,8051 Kerr Crossroad
396,Michael,59445 Maria Plains
196,Brittney,7319 Pam Junction Apt. 655
977,Taylor,05233 Melissa Station Apt. 458
589,Brenda,39455 Lisa Heights
981,Timothy,953 Melissa Mission Suite 966
83,Annette,66521 Sydney Groves Suite 195
433,Christine,1740 Riley Turnpike
740,Sydney,877 Mckinney Flats
323,Arthur,2518 Williams Inlet
491,Matthew,112 Keith Fields Suite 883
771,Angel,3231 Bruce Grove Suite 127
481,Pamela,234 Garrett Port
175,Logan,90904 White Shores
338,Steven,164 Joseph Way Apt. 768
260,Matthew,72907 Alexis Inlet Apt. 498
926,Ana,62262 Blackburn Streets
100,Brian,7236 Laura Wall
973,Marc,70035 Matthew Heights Apt. 104
963,Daniel,683 Sanchez Ferry
922,Tina,19388 Brandon Prairie
379,Deborah,36936 Brooke Lock
314,Sandra,488 Forbes Causeway Suite 974
654,Brendan,796 Kathy Passage Apt. 992
25,Mary,4940 West Keys
382,Christina,154 Suzanne Trafficway
778,Brian,7575 Wanda Lane
399,Charles,5987 Jeffrey Lakes
232,Raven,699 Adam Way
447,Pamela,7716 Kelly Coves
895,Eric,10712 Michael Island
851,Tim,628 Shannon Falls Suite 418
11,Debra,929 Andrew Wall Apt. 677
741,Alice,5442 Deleon Point
438,Christy,151 Stephanie Road Suite 767
205,David,624 Johnson Lodge
442,Rhonda,3203 Henry Centers Suite 125
140,Edward,9935 Smith Rue Suite 896
948,Rhonda,225 Brandon Alley Suite 796
592,Kristin,88376 Downs Common Suite 268
332,Andrew,02174 Jane Point
605,Joanna,511 Moore Walk Suite 766
867,Brandon,6414 Adams Viaduct
662,Damon,3312 Ryan Vista
220,Justin,9740 Davis Prairie
166,Anthony,603 Reeves Avenue
203,Lisa,69398 Jones Mall
318,Jessica,516 Wilson Dam
492,Brandon,560 Sarah Trace
971,Evan,760 Cummings Vista Apt. 053
554,Amanda,26287 Robertson Springs
384,Marc,996 Jessica Spurs Apt. 935
806,Rebecca,62436 Misty Mews
216,Kirk,1249 Wyatt Ramp Suite 025
498,Matthew,893 Jennifer Lane
543,Meghan,16104 Nelson Pine Apt. 441
348,Kevin,192 Nichols Inlet Suite 350
455,Deborah,2104 Kristin Mews Suite 134
555,Shawn,506 Laura Inlet Apt. 337
829,Jennifer,258 Margaret Causeway Apt. 141
192,Ian,84700 Kevin Points Apt. 538
527,Sarah,0068 Love Ways
454,John,0123 Amber Creek Suite 077
484,Patrick,3841 Travis Grove Apt. 530
204,Micheal,32301 Stein Plains
331,Jordan,0942 Krueger Extension
853,Joseph,973 Powers Pass Suite 576
1,Joshua,72996 David Ranch Apt. 029
745,Tamara,0296 Samantha Lakes Suite 984
202,Jamie,226 Vanessa Cape Suite 613
247,Tina,467 Gutierrez Island Suite 224
324,Debra,07783 Williams Falls Apt. 853
776,Leah,113 Harris Vista
429,Karen,5301 Gomez Estates Suite 993
416,Brianna,56472 Jose Ranch
882,Janet,900 Little Pike
290,Laurie,30027 Russell Pike
364,Richard,5313 Brad Rapids
761,Natalie,396 Abigail Locks Suite 003
14,Christy,86011 John Skyway
785,Michael,47268 Chad Inlet Suite 765
764,Willie,31926 Richard Crossroad Suite 540
572,Stephanie,753 Joel Crest
747,Rhonda,723 Kristin Orchard Suite 289
999,Alex,10628 Troy Cliffs Apt. 666
448,Kristen,2907 Catherine Squares
460,Jennifer,44488 Dustin Rue Suite 872
373,Darin,333 Thompson Roads Suite 187
953,Nicholas,83792 Lauren Squares
552,Benjamin,4290 Harris Camp Apt. 938
795,Catherine,00637 Hodges Mission
798,Michael,61837 Martinez Meadow Suite 174
507,Philip,8570 Delgado Cove Suite 342
596,William,55849 Maria Center
579,Caroline,9717 Bryan Course
792,James,983 Heather Lake Suite 859
18,Wendy,783 Stokes Vista Apt. 534
736,Joshua,88565 Stephen Fords
48,Kelly,84946 Martinez Loop
248,Evan,1345 Jasmine Spur
859,Michael,59692 Eric Brooks Suite 483
109,Sharon,99316 Brown Haven
131,Rachel,7331 Aguilar Key Suite 455
264,Aaron,11062 Benjamin Skyway Apt. 721
593,Andrew,2975 Powell Lodge Apt. 757
672,Amy,5602 Laura Ways
998,David,412 Deborah Glen
103,Colton,735 Patton Meadow Suite 410
799,Scott,6381 Castro Road Apt. 965
511,Jennifer,926 Amanda Hill Apt. 292
900,Caitlyn,566 Sandra Walk Apt. 371
38,Brian,683 Richard Forest Apt. 669
934,Christian,88355 Daniel Canyon
418,Brendan,7504 King Track
365,Michelle,092 Robert Underpass Suite 830
636,Michele,2598 Madeline Locks Apt. 180
212,Elizabeth,9303 Snyder Place Apt. 810
558,Kelsey,568 Julie Branch Suite 888
699,Travis,070 Terry Ville Suite 991
565,Matthew,7952 Marsh Loaf
844,Jessica,611 Edwards Walk
199,Alex,033 Jones Square Suite 099
107,David,99064 Harrison Knolls
342,Loretta,74789 Guy Glen
210,Christopher,79637 Martin Centers
254,Brady,271 Frey Burgs
818,Scott,5969 Wilson Island
329,Troy,901 Tina Well Apt. 288
801,Andrew,224 Mclean Grove
954,Jesse,90034 Odom Junction
10,Lori,78843 Oliver Court
243,Nathaniel,155 Bonilla Plains
581,Brittany,4971 Jefferson Place Apt. 519
92,Holly,02222 Angela River
497,Nicole,291 Rachael Springs
28,Yolanda,96959 Bond Pike
668,Blake,5794 Adam Throughway Suite 595
62,Amy,9200 Jesus Station
393,John,508 Torres River Apt. 790
169,Kimberly,68292 Nicholas Route Suite 194
183,Joe,2351 Morales Drive
684,Alejandra,71580 Deborah Ford Apt. 683
874,Jessica,047 Hernandez Square Suite 395
281,Cynthia,040 Johnson Rapids Apt. 283
680,Anthony,68872 Elizabeth Junction Suite 333
917,Jennifer,408 Maria Via Suite 891
968,Lori,63067 Ashley Plain Apt. 980
957,Brian,218 Goodman Expressway
319,Stephanie,408 Ashley Crossroad
612,Alicia,244 Berger Valleys
982,Caitlin,822 Collins Fields
502,Tom,6561 Matthew Spurs
742,Travis,4686 Brian Union
627,Anthony,824 King Fords
731,Caitlin,0863 Lawrence Lock
363,Chase,197 Becky Groves Apt. 777
711,Eric,7495 Guzman Isle
113,Janet,464 Ronnie Junction
525,Maria,02146 Wayne Road
561,Antonio,644 Stone Knoll Apt. 799
465,Thomas,76855 Ross View Suite 093
720,Mark,040 Bray Circle
539,Sherry,5003 Kelly Prairie
695,Maria,3477 Thompson Meadows Suite 456
61,Christopher,051 Stephanie Gateway
279,Pamela,098 Aguirre Underpass
439,Kenneth,2476 Stuart Well Suite 463
775,Eric,7267 Stone Lock
26,Rachel,7604 Stephen Inlet
242,Courtney,319 Nguyen Streets Suite 146
179,Catherine,076 Reid Glens
888,Tristan,77950 Scott Circles Apt. 977
219,Sarah,93257 Burch Rapid Apt. 744
450,Erica,147 Denise Wells Suite 505
913,Rachel,02892 Michael Flats Suite 503
557,Jasmin,477 Collier Path Suite 218
417,David,992 Hernandez Squares Apt. 364
79,Eugene,445 Short Forks
875,Tonya,334 Williams Locks
88,Jerry,402 Jones Street
226,Donald,3028 Anna Square
76,Bailey,93594 Gutierrez Falls
174,Sandra,5528 Carpenter Road Apt. 328
123,Angela,4843 Aaron Junctions Apt. 595
794,Amanda,7010 Mcdowell Garden Apt. 543
135,Thomas,67914 Jones Estate Apt. 483
414,Megan,2765 Hebert Station
201,Matthew,04196 Richardson Inlet Apt. 656
97,Jason,0148 Brown Forks Suite 253
504,Laurie,38968 Kimberly Drives Apt. 083
250,Cindy,554 Jonathan Mission
763,Chelsea,5769 Jennifer Rapid Apt. 355
919,Sharon,882 Allen Loop Suite 562
898,Katherine,04090 Laura Parkways
101,Michelle,4083 Dustin Viaduct
190,Michael,2013 Weber Isle
632,Andre,95083 Elliott Pines
436,Kimberly,940 William Walks
690,Elizabeth,573 Melanie Hollow
783,Joseph,69867 Diaz Islands
960,Anthony,68353 David Overpass
772,Ryan,30906 Holt Road Apt. 209
739,Sherry,2948 Rodney Wells
846,Amy,6015 Jon Drives Apt. 908
185,Brittney,2172 Mills Knolls Suite 893
136,Courtney,675 Liu Lake
292,Virginia,52560 Savannah Curve
845,Kimberly,098 Joshua Walks Apt. 415
652,Steven,3804 Eric Neck Suite 519
658,Melinda,4957 Reeves Green
697,Jeremy,358 William Loaf
372,Ashley,03372 Bailey Station
352,Jennifer,5731 Chambers River
335,Carolyn,3108 Brown Valleys
924,Christopher,4531 Stewart Camp Apt. 571
2,Alicia,86698 Davis Crossing
694,Jessica,5593 Taylor Trail
265,Jennifer,05588 Jacob Run
910,Pamela,9249 Barnett Junction
310,Steven,175 Thomas Plains
128,Connor,8981 Fitzgerald Mill
989,Robert,87889 John Stravenue Suite 345
458,James,017 Dwayne Plains
273,Michael,3658 Manning Rapids Suite 773
991,Laura,63545 Cohen Ridges
68,Deborah,35903 Misty View Apt. 413
787,Amanda,470 Phillips Island Suite 613
647,Jasmine,24073 French Islands
473,Adam,6946 Karen Place Suite 937
117,Heather,18761 Michael Island
766,Heather,06862 Perez Corners
615,Cody,843 Lewis Branch
1000,Stephen,0963 Brown Street
178,Andrew,076 Stanley Prairie
321,Carolyn,453 Rocha Extension
870,Carlos,17887 Forbes Rapids Apt. 771
391,Keith,11620 Aaron Shoals Suite 579
392,Samantha,4584 Christina Wells Apt. 834
89,Susan,478 Jones Shoals
466,Wendy,68959 Ashley Port
29,Janet,444 Peterson Inlet
877,Maria,082 Tanya Corner Apt. 062
489,Michael,063 Dakota Ranch
548,Edward,57802 Daniel Roads
53,Michelle,4797 Mark Land Apt. 423
878,Kevin,8851 Douglas Springs Suite 922
757,Wendy,030 Potter Corners Apt. 931
959,Juan,078 Guerra Mountains Apt. 313
303,Michelle,33080 Frost Springs Apt. 847
904,Robert,9412 Kathleen Radial
515,Stephanie,4022 Mary Rapid
126,Troy,83593 Ryan Cliff
32,Diana,947 Fox Mount Apt. 543
334,Amanda,427 Melissa Drives Suite 679
722,Carrie,69912 Clark Pike
569,Kristina,3364 Katherine Brook Apt. 037
132,Travis,9223 Rachel Fork
679,Brian,464 Nicholas Gateway Suite 139
937,Diane,6101 Hampton Mill
536,Rachel,0588 Oconnor Street
487,Melissa,20832 Angela Spring Suite 750
34,Carl,2369 Sarah Plaza
446,Javier,505 Sparks Forest
713,Cheryl,5441 Richard Mills
667,Jennifer,429 Zachary Trail
733,Emily,25940 Williams Row Suite 915
976,Tracy,47985 Berry Views
397,Rachel,433 Webster Junction Apt. 763
675,Brett,998 Cristina Pines Suite 240
831,Jillian,1955 Wilkinson Shoals Suite 156
863,Ashley,5247 Christina Villages
542,Sheila,31099 Johnson Heights Suite 950
152,April,4685 Emily Course
187,Paige,026 John Center
73,Samuel,312 Wallace Orchard Suite 078
354,Julie,78219 Tracy Ridges Suite 293
106,Christian,84668 Johnson Valley
773,Emily,060 William Branch Suite 550
582,Wayne,5638 Schneider Mountain Suite 557
896,Susan,37138 Zachary Pike
305,Carrie,6371 Terry Forge Suite 701
682,Charles,7359 Mark Alley Suite 567
600,Lisa,25558 Christopher Light
852,Terry,72421 Christopher Centers
483,Garrett,0118 Washington Center Apt. 641
58,Donald,453 Devin Points
840,Heather,91893 Sellers Spur Apt. 299
624,Rebecca,8704 Alvarez Cliffs Apt. 429
510,Jennifer,73653 Reynolds Mews
188,Patricia,46426 Thomas Greens Apt. 924
495,Michele,175 David Avenue
423,Jessica,2516 Robinson Springs Suite 234
259,Melissa,138 Wilson Mission Suite 919
947,Michael,84096 Juan Circles Suite 795
915,Mike,6122 Albert Bypass
619,Joseph,79007 Ramos Gateway
470,Tyler,3130 Lewis Mill
105,Tony,7508 Ashley Stravenue Suite 753
759,Annette,850 Patrick Shores
716,Matthew,5822 Alexander Station
597,Laura,6293 Chloe Vista
770,Jodi,451 Love Spurs Suite 663
651,Elizabeth,73987 Alan Centers Apt. 926
401,Mark,114 Lee Mountain
424,Steven,6012 Sonia Oval
284,Danny,66466 Morales Roads
703,Abigail,9495 Vincent River
807,Ashley,07472 Simmons Green Suite 352
231,Michelle,172 Kennedy Point Apt. 465
266,Lindsey,355 Bridges Knolls
115,Hannah,5195 Martinez Curve
925,Deborah,84342 Natalie Islands
728,Theresa,8705 Karen Camp Suite 294
887,Jonathan,1778 Green Gateway Suite 429
903,Crystal,367 Danielle Knoll Suite 967
52,Mindy,4185 Bell Fords Suite 181
422,Deborah,0484 Graham Valley
96,Melanie,991 Cynthia Mews Suite 789
493,Jerry,11233 Jean Meadow
66,Thomas,3644 Gray Mountains Apt. 435
167,Michael,3020 Jessica Pass Apt. 653
802,Brandon,1048 David Extension
928,Michelle,80229 Tracy Spring Suite 269
16,Ronnie,11162 Sara Falls
90,Timothy,27980 Lisa Course
927,Marcus,094 Anthony Tunnel Suite 302
255,Roy,73525 Brown Rest
253,Cory,392 Steve Centers
620,Joel,899 Smith Viaduct
307,Rebecca,867 Sean Unions Suite 158
137,Holly,4682 Walter Lodge
282,Jennifer,598 Cox Extensions Suite 163
57,Ronald,39470 Kristine Fords Suite 039
520,Miguel,161 Peter Divide Suite 186
326,Bethany,99664 Christopher Lodge Suite 425
77,Stephen,2354 Nicholas Court Suite 921
368,Shawn,2474 Kimberly Valley
643,Leslie,70235 Gill Plains Suite 472
176,Stephanie,96676 Jacqueline Hill Apt. 267
653,Olivia,3483 Hunter Rapid
485,Matthew,4455 York Divide
472,Ashley,010 Kristin Grove
618,Krista,583 Steven Grove
428,Carla,7237 Desiree Avenue Suite 717
914,Brittney,8563 Watkins Turnpike
629,Cynthia,549 Natasha Wall Suite 474
69,Christine,67976 Warren Fords Apt. 225
239,Crystal,882 Kathy Gardens
698,Christopher,7462 Kelly Falls
791,Kimberly,869 Tristan Common Apt. 299
181,Kerry,3149 Kerry Shore Apt. 671
660,Jeremy,894 Lynch Cape
577,Austin,2109 Cynthia Park Suite 339
857,Dennis,71974 Crystal Cape Apt. 690
262,Mike,529 Woods Coves
664,Kayla,18832 Burton Passage
595,Daniel,37899 Harvey Wells Suite 935
479,Jessica,4406 Garcia Trafficway Apt. 883
49,Olivia,54731 Garner Hill
360,Anita,99366 Evans Cape Apt. 152
37,Joshua,8149 Logan Valley
22,Jason,380 Timothy Terrace Apt. 095
500,Timothy,6428 Michael Gateway
683,Maria,0336 Philip Dam
267,Kenneth,938 David Lane
717,Ryan,70527 Lozano Harbors Apt. 436
359,Dylan,219 Graham Drive Suite 876
547,Christopher,17414 Chelsea Point
112,Jacob,8285 Samantha Rapids
162,Kathryn,6567 Taylor Glen
855,Misty,867 Bennett Estates Suite 865
367,Christopher,54272 Casey Passage
522,Paul,8501 Farmer Highway
885,Michael,053 Lane Port
586,Terry,077 Jason Loop Apt. 450
41,Brian,519 Mary Spur
347,Christopher,953 Colin Square Suite 615
146,Christine,86593 Nelson Tunnel Suite 811
453,Mitchell,966 Hall Stream
559,Bonnie,93797 Taylor Mount Apt. 803
385,Elizabeth,48827 Ramirez Throughway
862,Roberta,867 Williams Pass
444,Elizabeth,5694 Samuel Circle Apt. 314
789,Danny,223 Cheryl Center Suite 065
173,Jason,190 Aaron Flats
602,Natasha,393 Cunningham Camp
275,Joseph,234 Stephanie Harbors
198,Mary,448 Thomas Underpass
19,Bradley,8618 Gina Viaduct Suite 955
35,Todd,19617 Brown Shoal Suite 874
63,Amber,6654 Joan Hills
657,Thomas,55410 Alexandra Courts Suite 339
480,Christopher,9284 Johnson Isle
638,Abigail,57675 Christian Union Apt. 978
272,Justin,8908 Mccann Trail Apt. 347
238,Molly,8909 Cynthia Parkway
724,Brent,82393 Christine Square Apt. 474
613,Kevin,472 Beck Stream
268,Adam,16222 Keith River
129,Jacqueline,098 Perez Well Apt. 508
477,Robert,1045 Tiffany Pike Suite 783
317,Michael,9138 Samantha Island Apt. 380
671,Erica,0559 Aaron Springs Suite 976
530,Wanda,70920 Bryant Springs
124,Tracey,46736 Smith Light
621,Joseph,0575 Chad Union Apt. 767
141,Angela,5771 Whitney Manor Suite 000
158,Charles,07575 Dean Crest
609,Steven,7424 Reed Glens Suite 641
793,Ryan,3991 Brown Cape Suite 868
138,Larry,95975 Lindsey Corners Apt. 470
868,Michael,4269 Dale Village Suite 359
289,Andrew,70543 Carter Coves
398,Sherry,67767 Shannon Cliff
240,Christopher,99245 Martha Overpass
562,Dan,83294 Hannah Port Suite 450
339,Amanda,786 Wilson Glens
949,Mary,6849 Rebecca Stream Apt. 051
154,Ronnie,2288 Holland Mountain Apt. 252
78,Monica,91848 Park Lights
440,Scott,34705 Toni Parkways Suite 205
918,Rhonda,694 Alex Forges
151,James,406 Richard Grove Suite 079
40,Jonathan,029 White Plains Suite 199
563,Lisa,56665 Sullivan Pike
142,Rachael,04706 Angela Burg Suite 309
583,Matthew,471 Jay Route Apt. 618
603,Andrea,3554 Mariah Loop
784,Mark,523 Alexandria Stravenue Apt. 035
488,Amanda,0105 Amanda Corners
817,Christopher,448 Nicholas Plains Apt. 601
163,Angela,04291 Jordan Roads Suite 999
625,Amanda,1888 Emily Bypass
82,Jennifer,6802 Mark Cape
170,James,967 Henry Field
505,Jeffery,384 Flores Brooks Apt. 449
718,Jessica,696 Heather Corners
6,Alicia,86554 Daniel Ports Apt. 042
402,Martin,93745 Joshua Key
700,Melissa,2784 Rice Expressway
221,Travis,216 David Brook
121,Robert,018 Brent Extensions Suite 498
134,Stacey,5606 Dennis Estates
147,Jose,3754 Rosales Glen Suite 379
516,Eric,65009 Robert Streets Apt. 817
760,Andrew,81354 David Crossing
669,Barbara,00388 Lopez Inlet
206,Jean,283 Charles Shoal Suite 997
560,Pamela,902 Hayes Bypass
71,Shawn,0673 Pierce Route
666,Wesley,2674 Jimmy Trace
889,Nicholas,1542 Jason Roads
358,Aaron,17366 Rhonda Villages
753,Angela,6101 Logan Ranch Suite 323
886,Samuel,16250 Brandon Meadows Apt. 732
316,Jon,17657 Stone Ports Apt. 332
965,Joseph,216 Victoria Inlet
149,Corey,160 Stevenson Gardens Apt. 298
606,Jennifer,918 Margaret Square
160,Terrence,151 Chung Tunnel Suite 789
916,David,9569 Arthur Stravenue Apt. 003
611,Sarah,813 Anne Fort
15,Lori,5409 Jackson Orchard Apt. 828
705,Lisa,28790 Yoder Union Apt. 506
421,Dawn,74713 Sharon Mill Suite 713
719,Jacob,408 Donna Island Apt. 291
172,Nicole,654 Nicholas Bypass
823,Kenneth,7943 Griffin Mill
42,Jennifer,780 Silva Mountain Apt. 228
691,Erik,632 Timothy Island Apt. 882
549,Adriana,062 Joshua Parkway Suite 662
635,Ronald,01687 Ashley Cliff Suite 324
821,Samantha,57271 Gomez Mall Suite 118
641,Jeffrey,060 Sanders Islands Suite 757
33,Travis,05194 Robinson Square
345,Samantha,3176 Martinez Center
708,Linda,909 Barbara Harbors
50,Jeremy,788 Taylor Lodge
730,Susan,643 Brian Stream Apt. 026
564,Yvonne,3199 Stewart Loaf
839,Jeffrey,24115 Jacqueline Wells
110,Yolanda,92883 Kyle Brook Suite 551
661,Tiffany,16420 Jennifer Harbor Suite 451
337,Leroy,112 Gonzales Lodge Apt. 415
80,David,64830 Gonzales Corners
830,Tommy,94817 Munoz Grove Apt. 632
931,Ryan,82078 Daniel Place Apt. 978
843,Joel,10192 Morgan Well
197,Brandon,76658 Whitney Glens
118,Margaret,46191 Roberson Cove Suite 116
93,Nancy,309 Jessica Brooks Apt. 434
537,Kimberly,418 Schmitt Harbors
471,Christopher,14185 Hoover Route Apt. 342
551,Eric,21492 Sara Springs Suite 280
521,Jacob,745 Rogers Ford
932,Renee,72491 Johnson Pass
876,Jason,35515 Jennifer Harbor Suite 987
127,Christine,01911 Brenda Way
578,James,44852 Vanessa Mills
574,Brenda,378 Cook Ferry
644,Megan,28899 Jones Mill
85,Dwayne,217 Webb Bypass
835,Anthony,95056 Frank Land
788,Jordan,941 Hayes Gateway
642,James,09597 Hill Tunnel Apt. 555
229,Aaron,956 Dustin Creek Suite 889
523,Ryan,57691 Rebecca Forest
709,Victoria,2885 Boyer Camp
938,Johnathan,69775 Mcdonald Garden Suite 184
891,Pamela,84593 Hamilton Mountains Apt. 684
8,Katie,5479 Laurie Hills Suite 739
283,David,277 Munoz Valleys Suite 581
897,Mark,89352 Cole Trail
588,Michelle,97130 Howard Junction Suite 444
443,Robert,7395 Stewart Fall
415,Shelly,28116 Payne Gateway
430,Andrea,70029 Erin Villages Suite 135
258,Jennifer,166 Amanda Islands Apt. 895
236,Thomas,146 Daniel Radial Suite 319
861,Kenneth,070 Jennifer Walks Suite 343
404,Matthew,405 Jim Hills Suite 499
55,Debra,41628 Anderson Track
812,Melissa,010 Joshua Isle Apt. 341
157,Ashley,5345 Jorge Green Apt. 516
822,John,083 Colleen Prairie Suite 723
744,Edward,54881 Wesley Park
218,Erik,871 Jerry Gateway Suite 024
427,Shannon,3587 Charles Lakes Suite 148
5,Evelyn,8445 Daniel Track
130,Stanley,7640 Hamilton Park Apt. 354
241,Amy,746 Zoe Cliff
623,Jeff,445 Jordan Glen Apt. 248
811,Johnny,7355 Omar Lake Apt. 008
245,Wendy,58892 Anna Flat Suite 024
182,Kathleen,89281 Ross Village
464,Nicholas,378 James Fields Apt. 842
827,John,3675 Green Mills Apt. 495
540,Jeanne,813 Walker Terrace
970,Michele,48850 Michael Harbor
501,Jessica,0310 Phillip Fields
252,Daniel,011 Ryan Common Suite 186
626,Austin,409 Wiggins Well Suite 875
116,Tiffany,64002 Brian Crossing Suite 582
689,Darlene,44099 David Lake
702,David,28698 Morales Street Suite 560
750,Reginald,98768 Cain Court Suite 758
370,Gabriel,848 Anna Brook Suite 878
553,Brandy,5723 Leonard Pike Apt. 814
848,Zachary,5000 Bradley Causeway Suite 904
873,Glenn,549 Adrian Squares Apt. 443
506,Megan,8532 James Cape Suite 746
517,John,62047 Lee Skyway Suite 217
884,Kelly,43592 Melissa Ridge Apt. 162
528,Corey,57112 Quinn Loaf Apt. 843
545,Thomas,7899 Mason Isle
119,Jessica,955 Mendoza Vista Suite 285
598,Michelle,34322 Mary Bypass Apt. 783
945,Jay,56826 Samuel Vista Suite 374
95,David,7160 Keith Overpass Suite 970
189,Robert,47809 Lewis Freeway
943,Sheryl,89603 Laura Springs Apt. 680
810,Anna,27694 Rogers Views
474,April,44750 Freeman Locks Apt. 684
476,Robert,148 Cassandra Ridge Suite 819
707,Allison,63616 Pittman Garden Suite 918
607,Elizabeth,222 Adams Station
909,Donald,100 Kimberly Road
514,Wesley,2502 Michael Glens Apt. 033
834,David,71174 Henry Gateway
735,Nicholas,4889 Owens Spring
899,Thomas,15242 Kathryn Gateway
838,Samantha,910 Randy Fort Apt. 026
701,Ronald,1752 Robert Inlet Suite 823
952,Amy,838 Fields Way Suite 890
729,Maria,6070 Herrera Gardens
704,Jonathan,5196 Amy Drives Suite 032
865,Timothy,29183 Davis Mission
12,Cynthia,9091 Jackson Fall
715,Timothy,09380 Gonzalez Causeway
955,Glenda,5126 Marcus Keys Apt. 069
177,Heidi,0966 Christina Inlet Suite 781
411,Keith,50971 Amy Summit Suite 418
445,Steven,3011 Bailey Via
380,Amber,500 Kathryn Port
405,Mitchell,4138 Michael Rapid
499,Brandon,439 Scott Island
145,Crystal,1486 Nicholas Prairie
663,Tina,5622 Morgan Land Suite 214
743,James,7565 Simpson Plaza Suite 945
452,Thomas,157 Moore Villages Suite 340
797,Larry,6983 Cruz Shore Apt. 905
962,Emma,1779 Sarah Ramp
880,Katrina,738 Kayla Trafficway
114,Michael,301 Marquez Landing Suite 761
99,Jennifer,067 Patricia Courts Apt. 569
929,Melissa,592 King Valley
866,Melissa,58789 Miles Vista Apt. 103
215,Jessica,8910 Hopkins Knoll
869,Luis,16374 Barry Fields
344,Cheryl,571 Lewis Roads
856,Robert,14479 Adams Avenue
809,Rebecca,5578 Thomas Forks
237,Tammy,6501 Jose Branch Apt. 686
44,Matthew,79785 Sean Neck Apt. 003
155,Melinda,253 Rebecca Union Apt. 227
710,Janice,6585 Regina Lane Apt. 737
180,Albert,8394 Steven Courts Apt. 891
357,Luis,69187 John Crest
508,Linda,5083 Roberts Manors Suite 819
630,Anthony,8958 Mary Brooks
17,Christopher,1506 Alex Lake
576,Leon,682 Jonathan Well Apt. 709
208,Kathleen,4735 Antonio Village Suite 993
23,Brandon,99396 Reeves Causeway Apt. 622
907,Kathryn,254 Richard Motorway
541,Robert,7363 Michael Flat
308,Joseph,033 Miller Unions Suite 854
294,Adam,0337 Barnes Divide
790,Christina,39860 Jenkins Forge
9,Jeremy,158 Brown Throughway Apt. 843
193,Jeffrey,39727 Palmer Glens Apt. 145
463,Richard,312 Daniel Lights
532,Douglas,38902 Jones Centers Apt. 613
376,James,68937 Stephanie Fords
769,James,85690 Allen Spur
590,Sharon,91409 Joshua Park Apt. 359
828,Daniel,959 Rhonda Oval Apt. 382
383,Austin,911 Green Manor
336,Kevin,94688 Blanchard Islands
286,Virginia,475 Thomas Point
819,Jason,48122 Moore Place
195,Charles,450 Nicole View
164,Ashley,43223 Christopher Squares Suite 880
921,Brian,585 Rogers Spring Apt. 146
751,Maxwell,863 Bennett Spurs
805,Paul,3346 Andres Unions Apt. 291
816,Melissa,21887 William Cliffs Suite 216
388,Anthony,3881 Roy Curve
646,Erin,6662 Zachary Unions
108,Jessica,2735 Castillo Union
832,Robert,7666 Patricia Forges
426,Jonathan,2230 Harrell Forks
972,Stephanie,95916 Perez Isle
584,Tommy,2231 Mary Track Apt. 602
91,Lance,54620 Virginia Mills Suite 197
459,Susan,969 Harper Estate Suite 394
222,Daryl,9611 Schmitt Motorway Suite 783
975,Jonathan,9333 Robert Inlet Apt. 607
808,Tara,060 Wilson Spurs
496,Terri,48100 Jennifer Spur
150,Diana,171 Hoffman Land
410,Carolyn,105 Roy Light Apt. 176
967,Daniel,99476 Harris Ford
387,Theresa,3993 Jennifer Roads Apt. 754
570,Rick,1243 Henderson Brook Suite 940
752,Cynthia,8484 Mcdowell Views
24,Jessica,26859 Brendan Garden Suite 671
639,Rebecca,32717 Robert Loaf
665,Paula,759 Dalton Skyway
159,Karen,9451 Renee Rapid Apt. 498
854,Jessica,2235 Jonathan Key Apt. 860
285,Gabrielle,9148 Brown Mountain Suite 531
227,Sean,949 Julie Run
765,Hannah,7891 Susan Locks
782,Tammy,32558 Webb Pine
494,Adam,63324 Dawn Ridge
343,Angela,635 Allen Passage Apt. 100
449,Mary,93004 Hannah Track Apt. 542
535,Thomas,8337 Wilkins Grove
4,Danielle,8853 Anna Locks
313,Michelle,91251 Brown Stream
356,Carol,38271 Karen Mall
327,Erika,38862 Carol Walks
956,Dorothy,786 Arnold Point Apt. 406
985,Cynthia,2021 Garcia Extensions Suite 315
486,Joseph,539 Debra Trail Apt. 829
186,James,02422 Strong Summit
217,Andre,7939 Turner Spur Suite 512
676,Christian,813 Bowman Land
979,Alex,223 Sanders Vista Apt. 346
659,Jonathan,41058 Jackie Junction
533,Gerald,628 Timothy Park
171,George,082 Brian Centers
403,Christopher,37426 Ruiz Path Apt. 870
804,Jesus,0322 Brian Village
826,Kyle,08842 Jeffrey Avenue
386,Jonathan,21158 Derek Lane
249,Stephen,27931 Pena Pike Apt. 546
893,Eric,6039 Jose Union
992,Tanner,58080 Holly Valleys Apt. 197
847,Melissa,94565 Hurley Landing Apt. 511
235,Juan,54001 John Knolls Apt. 589
462,Anna,73480 Jeffrey Field
796,Amber,19687 Allison Plaza
280,Casey,7844 Rollins Turnpike
257,Jessica,00124 Conway Grove Suite 274
306,Joseph,72639 Butler Common
251,Christopher,1146 Darren Junctions Suite 084
721,Michael,800 Miller Lane Suite 646
168,Douglas,8830 Alyssa Ports Suite 279
467,Jeremy,5052 Adams Ford
587,Jasmin,683 Mills Mission
86,Natalie,98935 Butler Parkways
923,Joseph,8630 Debra Highway Suite 325
758,Donald,04957 Brandon Terrace
568,Ashlee,85310 April Greens
762,Aaron,5236 Cheryl Brook
610,Mark,0183 Colleen Wall Suite 635
566,Matthew,581 Smith Burgs Suite 241
908,Eric,76911 Valdez Common Apt. 079
727,Hector,747 Waters Track
648,Erin,957 Stephanie Lodge Suite 119
712,Ashley,917 Martin Ridge Suite 595
734,Melissa,910 Mann Bypass Suite 993
309,Cameron,7319 Tasha Lane
435,Robert,006 Cruz Hills Apt. 090
139,David,680 Fields Estate
161,Victoria,7642 Hill Corners Suite 590
361,Randy,75932 Vargas Parkways
296,Holly,455 Bishop Walk Apt. 987
228,Janice,334 Joseph Crest
111,Wanda,85514 Ellis Dale Apt. 323
340,Scott,909 Deborah Ports
59,Anthony,34679 Warner Shores Apt. 429
133,Craig,0626 Brandi Springs Suite 371
837,Jeffrey,417 Thompson Lock
224,John,026 Maddox Motorway Suite 373
594,Joseph,363 Osborne Manor
996,Tiffany,24161 Davila Tunnel Suite 909
686,Leslie,258 Pamela Village Suite 526
381,Amy,3943 Smith Forest
881,Marcus,00713 Jones Meadow Suite 854
225,Tracey,342 Christensen Station Suite 936
725,Lauren,09904 Mario Trace
274,Pamela,96282 Bonnie Garden Suite 611
534,Michael,555 Contreras Hollow Suite 196
670,Sharon,351 Reeves Island
74,Karen,119 Richardson Flats Suite 404
291,Dawn,1620 Gomez Estate
714,Michael,35988 Williams Mission Apt. 790
